,0,1,2,3,4,5,6,7,8,9,10,11,12,13,14,15,16,17,18,19,20,21,22,23,24,25,26,27,28,29,30,31,32,33,34,35,36,37,38,39,40,41,42,43,44,45,46,47,48,49,50,51,52,53,54,55,56,57,58,59,60,61,62,63
7SK,0.24296287,0.068293855,0.14233465,0.23758048,-0.17380318,-0.059451804,0.31737226,-0.33805364,0.43861914,0.17078808,-0.24099967,0.2192108,-0.59242064,-0.24714099,0.1270827,0.16096094,-0.00408582,-0.101204276,-0.23125976,0.040482596,0.07112284,0.03087905,0.5062397,0.8120969,0.1294668,0.2941287,-0.08732161,0.05042152,-0.22836955,0.036036294,0.089705616,-0.20869172,-0.5629741,0.2711209,0.11445116,-0.19649073,0.37292573,0.016477153,0.59816885,0.26071435,0.03187871,0.010269567,0.53403485,-0.2580834,-0.208986,-0.14467105,-0.07201727,0.6442565,-0.5171485,-0.074563354,-0.11638555,-0.5382683,-0.2254444,-0.6069948,-0.9660474,0.21314156,-0.11017641,-0.103021815,-0.11557899,-0.21650413,-0.008543164,0.22078604,-0.3097507,-0.05092877
ADAMTS9-AS2,0.3825842,-0.13519679,0.032662474,0.005001441,-0.34656563,0.3110194,0.32789072,0.08509175,0.3341841,-0.1849529,-0.17180404,-0.358124,-0.2508747,0.11724129,0.013085404,0.14167595,-0.32360634,-0.106895566,-0.2999962,0.068503566,-0.12705186,-0.1308912,0.11521147,0.25071144,0.07833222,0.08717067,0.4604443,0.15801,-0.34040296,0.057529535,0.1718966,-0.2985217,-0.23921435,0.33132005,0.12726559,0.15834236,0.2565368,0.2395899,-0.11112849,0.15194832,0.10542979,-0.35214552,0.092283845,0.13171342,-0.21776038,-0.33918017,0.100851394,-0.25449508,0.13870153,-0.08074952,0.25300604,0.1124251,-0.22798759,0.12831432,-0.23270673,0.2532859,0.089122064,0.25181884,-0.3674498,0.0022383416,-0.21052553,-0.022138799,0.05232902,0.30760255
ATP6V1G2-DDX39B,0.4025849,-0.15489824,0.04166359,-0.008746507,-0.37738264,0.32646382,0.3604473,0.07428838,0.3647594,-0.19837108,-0.21266423,-0.3726598,-0.2761581,0.12409034,0.014993445,0.09916133,-0.34612504,-0.07432803,-0.31833595,0.05083464,-0.12398904,-0.10880239,0.10620792,0.24858178,0.0690755,0.093156025,0.4678202,0.14535078,-0.36332595,0.06165837,0.15344606,-0.32965732,-0.23990002,0.34990174,0.16719139,0.15612756,0.2575208,0.25983584,-0.11281338,0.1652699,0.08646173,-0.36292654,0.082068875,0.13489974,-0.22450787,-0.3529607,0.14466198,-0.27038467,0.14554651,-0.06643479,0.2614727,0.10834241,-0.24360956,0.114472166,-0.23475379,0.26594666,0.09925626,0.26459128,-0.3919999,-0.039165467,-0.19060333,-0.0164843,0.03949057,0.3119508
ATXN8OS,0.39626926,-0.1475634,0.07453897,-0.036867674,-0.38391784,0.32537037,0.3671838,0.011119042,0.329839,-0.2231361,-0.20804745,-0.38363683,-0.27391812,0.094642,0.017271284,0.10154432,-0.36143917,-0.08228271,-0.33189586,0.024718035,-0.14385642,-0.1045205,0.09460908,0.23075414,0.026845342,0.08496864,0.42941958,0.14546761,-0.3687486,0.086486235,0.13632037,-0.34778273,-0.20879874,0.36304164,0.1807889,0.1614403,0.22036777,0.2776405,-0.12710015,0.17549881,0.10399439,-0.3639998,0.10953511,0.11125719,-0.18257353,-0.37201366,0.08284645,-0.23222353,0.121573955,-0.088378586,0.26703724,0.060830176,-0.23870166,0.101806894,-0.21698424,0.26982975,0.09915194,0.26985115,-0.3984922,-0.07254987,-0.14149149,0.0149188815,0.046645448,0.27743652
BACE1-AS,0.34358108,-0.28496096,-0.21837443,-0.7551116,-0.4290882,0.10526496,0.015496738,-0.10493003,0.2609465,0.12591419,-0.5589298,0.11084633,-0.26313195,-0.100778475,0.27513283,-0.63407016,0.2027638,0.2216518,0.08900665,-0.15844086,0.13377541,0.71680206,-0.08137022,0.033324834,-0.5398242,0.4799052,0.06533617,-0.0036688857,-0.21269313,-0.2976991,-0.72747195,-0.14961421,-0.048301402,-0.21839009,0.47058105,-0.050250605,0.17770544,-0.66176134,0.061716378,0.42358118,-0.5519855,0.009081632,-0.524046,0.10261434,0.30850407,-0.20942122,0.7085037,0.122769974,0.34765562,0.26286164,0.3651231,-0.3027709,0.20122845,0.018258614,0.04936901,0.32834956,-0.17225471,0.48590392,-0.44204503,-0.13432448,0.47994226,-0.089955814,-0.04226424,0.13227251
BANCR,-0.4615102,-0.21875903,0.1391964,-0.22228704,-0.91341937,-0.9170869,0.22389728,0.24158424,0.2705105,0.09182778,-0.061866477,-0.07760024,-0.6544606,0.8641318,0.6357496,-0.32144848,-0.3753631,-0.1571877,0.4461981,-0.598765,0.14915416,-0.011576682,0.21405157,0.2896775,-0.031916678,-0.1919529,-0.13310051,0.69237506,0.13745369,0.2694345,-0.22242248,-0.41429463,-0.71822953,0.27542144,-0.594869,0.10401231,-0.3829752,-0.04404965,-0.39983195,-0.9584037,0.3813038,0.5692835,-0.8164791,-0.85669744,-0.026733786,0.57396644,-0.22430925,-0.1663325,-1.1658026,0.29754144,-0.7339565,-0.34762865,-0.070219755,0.33920866,-0.17742619,-0.22200972,-0.12571114,-0.06985544,-0.51421285,-0.04527481,0.004002787,-0.20134008,-0.478084,-0.10285546
BC040587,0.3766951,-0.24338219,0.24443871,-0.10845422,-0.46432373,0.3699472,0.45379612,-0.18423548,0.26036718,-0.3116827,-0.2780585,-0.4636878,-0.34554607,0.00021957932,-0.019628327,0.038364135,-0.41675922,0.020558247,-0.40474164,-0.10347631,-0.25792092,-0.039613117,0.068389975,0.15925121,-0.1592287,0.077015646,0.2957917,0.18759157,-0.37837157,0.2721724,0.07683325,-0.4326399,-0.14777467,0.41111583,0.28683522,0.15633231,0.045691196,0.42618072,-0.18544844,0.22115627,0.115085416,-0.360114,0.2148415,-0.0058197523,-0.03538641,-0.50783074,-0.0050140438,-0.15543117,0.10989173,-0.13624024,0.30720288,-0.12111241,-0.18932043,-0.05023937,-0.17363964,0.26828066,0.13895515,0.3600705,-0.48003796,-0.15646462,0.07049718,0.17297809,0.07727956,0.24743253
BCAR4,0.27881044,-0.56456184,0.5453111,-0.21603215,-0.5946499,0.38787067,0.45941,-0.44689545,0.003528526,-0.4537438,-0.34152436,-0.62428844,-0.5316382,-0.20887956,-0.17744952,0.107555956,-0.46050477,0.16156328,-0.53185934,-0.2433614,-0.46083608,-0.083758384,0.14107113,0.07351263,-0.54053706,0.005840525,0.0013315938,0.4216203,-0.32285058,0.7326221,0.033190716,-0.45620894,-0.2245704,0.45426112,0.28900418,0.1930189,-0.28796658,0.58040756,-0.39699876,0.21531801,0.40451264,-0.25269192,0.49993497,-0.3631872,0.349921,-0.82247955,-0.17534477,-0.027547901,0.023107039,-0.27872553,0.41989562,-0.53407794,0.106167,-0.33210325,-0.20634972,0.12307869,0.13578904,0.53665537,-0.6872282,0.03429628,0.36463127,0.44725046,0.18193601,0.29884955
BCYRN1,0.04465502,0.051094208,0.23162837,0.5575372,-0.5244334,-0.033915736,0.77748585,0.85023344,0.9186698,0.029934019,-0.13366076,-0.51579463,-0.32219458,0.15134223,0.07830274,1.0461922,-0.13910799,-0.31253013,0.31867862,-0.20304973,-0.93594456,0.7286969,-0.29302725,0.08589828,-0.6549171,0.28233314,0.3711995,0.24115954,0.2690283,0.24741524,-0.74033064,0.0064861476,0.316563,0.11920571,-0.37847406,0.011022657,-0.30511326,-0.12910235,-0.05250238,-0.1734871,-0.34709457,0.058486104,-1.0833405,0.08062568,-0.012382962,-0.12889792,-0.6682099,-0.115346074,0.15658784,0.3632094,0.53652793,-1.2247115,-0.41843984,-0.74030983,-0.10895327,-0.4364697,-0.22701195,0.6573566,-0.5557324,0.41880304,0.07588014,0.10043176,-0.4021471,0.06495094
BDNF-AS,0.6156132,-0.40147805,0.39631784,-0.08266425,-0.10005678,0.06407598,0.22604416,0.06959914,-0.038019735,-0.48585024,0.10879478,-0.31938794,-1.0075667,-0.469957,0.31506187,0.635632,-0.026839538,0.13731426,0.035134435,-0.47030282,-0.7518841,0.33585092,-0.23340537,-0.02663051,0.13627419,0.018967655,0.37956303,-0.08317548,-0.64774746,0.24837372,-0.753183,-0.37747353,0.20192784,0.2797131,-0.028310888,0.1774658,-0.3104599,0.26064384,0.43317991,0.5032976,0.62421364,0.044701643,0.76885706,-0.02317549,0.5793811,-0.49965245,0.31419542,-0.09484314,0.058276534,-0.18413101,0.5676092,-0.22429547,0.001952732,0.07678388,-0.07329418,0.56042504,0.4584008,0.51231736,-0.15019406,0.63164926,0.11252974,0.14236262,-0.34343523,0.038651522
BOK-AS1,-0.030868638,0.07725433,0.04312162,0.44999424,-0.25211656,0.3982787,0.36918297,0.085463434,-0.092452206,0.28252342,-0.3799705,0.1813846,-0.013792396,0.5561509,-0.21779719,0.2744448,-0.03590077,-0.18178031,0.15301979,-0.029719517,0.11771143,-0.1525203,0.38613045,0.39871988,-0.16436985,-0.13216431,0.16160707,0.034806546,-0.42044345,0.10709174,-0.11268598,0.07955657,-0.550687,0.64020693,-0.02505229,0.21082604,0.50943255,-0.16873464,0.41274858,-0.24514322,0.4585024,0.09164044,-0.51683307,-0.39150876,-0.4289294,-0.20203166,0.11089899,-0.20218064,-0.08790248,-0.24207073,0.07808733,0.12358378,-0.0934361,0.004957292,-0.52291644,0.102011435,0.4378036,0.022588372,0.04603704,0.29268587,-0.4159156,-0.4983629,-0.27365443,-0.10573179
CASC2,-0.44443503,0.25142962,0.06120318,-0.69077945,-0.4464023,0.10393795,-0.41384777,0.3068655,0.3523317,0.006145617,-0.16938967,-0.23494196,-0.32870868,0.240895,-0.052215103,0.022386905,0.12314552,-0.011994418,0.1238885,-0.08718118,-0.22442284,0.02389156,0.021499746,-0.00811027,0.20093094,0.18012838,-0.26337278,-0.0231333,0.16738765,0.31034857,-0.16577324,0.06994164,-0.33702832,0.2337026,-0.24358653,-0.5318708,-0.018338643,-0.003583908,0.16496974,0.11648808,-0.10034235,0.7073015,-0.5668248,-0.44643334,0.05856979,0.6305397,-0.20548108,-0.12668267,-0.6827953,-0.18887109,-0.21923208,-0.32786328,-0.4297846,0.09945822,0.053709507,-0.37899312,-0.6183273,-0.5345695,-0.0349319,-0.19226624,-0.81963444,-0.340023,-0.41178945,-0.31367588
CBR3-AS1,-0.1960813,0.07723108,0.5493005,-0.16386296,-0.21787423,-0.124846146,0.0010885503,0.33386847,0.0688225,0.16038582,0.23540202,0.092533395,-0.6782474,0.23037009,0.33590356,0.10545158,-0.26807722,-0.27388072,-0.22669634,-0.26296288,0.0949326,0.03539859,0.33534104,0.19128095,0.13890882,0.31923756,-0.1186948,0.12106118,-0.011892473,0.116432995,-0.021390835,0.079736866,-0.6932345,0.18792199,-0.11403968,-0.24968639,0.015548784,0.24629816,0.12886071,-0.54872924,0.28190833,-0.091201186,-0.314746,-0.35827872,-0.14596103,-0.15525077,0.002973753,-0.0095140375,-0.091850676,-0.028073642,0.18696997,-0.4295146,0.24939509,0.06251979,-0.23582512,-0.23316681,0.32942122,0.18302336,-0.27096158,0.11683322,-0.16353026,-0.23773827,-0.22934212,0.095255286
CCAT1,-0.6663456,-0.35451528,0.34105465,-0.46127212,-0.9433096,-0.6039294,0.021521017,0.16853094,0.5054221,-0.04959114,-0.5089102,-0.43958658,-0.71649295,0.5892319,-0.047168046,0.6347685,0.040853888,-0.38103402,-0.17268194,-0.19029915,-0.5178215,-0.081214495,0.017467462,0.06992612,0.46397418,0.04937476,-0.13007537,0.16215475,-0.06372312,1.0296185,0.057355702,-0.12045394,-0.66801286,0.12114015,-0.073545456,-0.56133795,-0.0681863,0.10005158,0.4071195,-0.323636,-0.4233001,0.07503578,-1.0666003,-0.8365927,0.9518075,0.10472733,-0.37318677,-0.061075494,0.05852896,-0.07866672,-0.029059917,-0.34471238,-0.46698534,-0.03948357,0.16171235,-0.36146188,-0.8815376,-0.31100708,-0.65399396,0.13897112,-0.3921805,0.28901246,-0.50685716,-0.51205647
CCAT2,-0.58557785,-0.21722156,0.46440852,-0.5228926,-0.38865173,-0.7226888,0.6458634,0.68441015,0.28631324,0.46670783,-0.17991,-0.45487237,-0.7590512,0.60926974,0.4378278,0.5682684,-0.03637224,-0.02619959,0.60353136,-0.23580922,-0.24128179,0.58580065,0.6111517,0.13156289,0.094985165,0.19975552,0.060908504,0.49289268,-0.15722588,0.7499994,-0.12868364,-0.14638549,-0.883067,0.4273552,-0.19366443,-0.41250032,-0.3490407,0.045262896,-0.37250865,-0.7303271,0.16488785,-0.18031655,-1.0719047,-0.854023,-0.16863257,0.2532591,-0.4178052,0.044406354,-0.15361749,0.4525289,-0.12275566,-0.7004808,-0.13306601,-0.47371656,0.06287021,-0.49335784,-0.0942754,0.4631266,-0.6266061,-0.13573703,0.020650754,0.063122995,-0.86565983,-0.14019358
CCDC26,0.413175,0.31586325,0.07740245,-0.12244399,-0.47997016,0.38414288,0.4174267,0.24939346,0.34927046,-0.09266043,-0.3469839,-0.5680066,-0.14729322,-0.46784222,-0.02005525,0.44841045,0.19479586,-0.04271154,-0.28899497,-0.088878825,-0.3209865,-0.043322206,0.25390545,0.0580616,-0.039777473,-0.18185328,0.2933532,-0.013516903,-0.5473043,0.8675182,-0.27137995,-0.3937902,-0.2977879,-0.03368126,0.29235247,0.081925966,0.08826658,0.4035121,0.304092,0.12961024,-0.62019104,-0.2502047,0.07957536,-0.3199092,0.5771879,-0.59264594,-0.33288497,0.007833593,0.12304643,-0.5112977,0.27023745,-0.12571774,-0.22760515,-0.20949301,0.24491547,-0.5523927,-0.021055758,0.49925494,-0.302296,0.5644912,0.00094678625,0.73340905,0.11841309,0.13107121
CDKN2B-AS1,0.2911846,-0.7403251,0.91403455,-0.051468372,-1.3636676,-1.5412564,1.2572191,1.3089033,0.4111843,-0.37923133,-0.9870227,-1.0355082,-0.323191,-0.34780222,0.85392165,1.2714119,-0.13544406,-0.38436818,1.7590306,-1.0877708,-0.7535877,-1.0072937,0.8337885,0.29633304,-1.2464569,0.42079028,-0.28627634,1.0219138,0.074929655,0.2958322,-0.86892813,0.14728093,-1.8431766,-1.5223476,-0.3531131,-0.8845405,-0.458185,0.5753159,-0.36348173,-0.0034000278,-0.64357936,-0.39046973,-0.76005775,-1.2263665,-1.4431913,-0.7937891,-0.2868195,-0.09663999,0.054617107,0.169105,-0.23830593,-2.2331197,-0.5639008,0.4058772,0.13203096,0.44619918,0.4584959,-0.8260057,-1.5916412,0.35981107,-0.64770377,0.03562796,-1.2915956,-0.8134601
CRNDE,-0.051219508,-0.1691936,-0.58047146,-0.8628568,-0.21862108,0.34937268,-0.39375755,-0.035374165,0.12382631,0.1282338,0.2699359,-0.30177456,-0.053948224,-0.3168431,-0.17024805,0.13263714,0.47920313,-0.06899215,0.014219806,-0.4572767,-0.018052012,-0.5095501,-0.3142331,-0.15848505,-0.16243912,0.19010636,0.33797455,0.17541137,0.3509254,0.20869467,-0.17459063,0.14782622,-0.10461306,0.23160867,0.1290262,-0.14501615,0.25617245,0.48355854,-0.034679078,-0.07162299,-0.15354452,0.5241655,-0.66603863,0.08571246,0.02000482,0.07345071,-0.22597075,0.30762437,0.16715541,-0.02865541,0.4784558,-0.7728232,-0.07384139,0.10043108,-0.18844572,-0.11951798,-0.73513615,-0.57085526,-0.54501724,0.16163048,-0.65614504,-0.2554226,-0.5985094,-0.35625553
DANCR,0.1930916,-0.834658,0.7348722,-0.25406888,-0.6570892,0.37610677,0.40111744,-0.549303,-0.210686,-0.51820594,-0.34503984,-0.72522104,-0.6666575,-0.35130313,-0.31641677,0.2373584,-0.4476925,0.22596164,-0.61084694,-0.2933315,-0.5987524,-0.16759717,0.24888295,0.045146175,-0.7876712,-0.043625887,-0.19559976,0.6454309,-0.2438497,1.0770106,0.04966487,-0.41100228,-0.3618304,0.45106906,0.2019633,0.22794974,-0.49895024,0.64086455,-0.5579707,0.15964735,0.6857988,-0.1493795,0.7126106,-0.63656604,0.6238677,-1.0651168,-0.28383523,0.03638272,-0.022458848,-0.39158225,0.5122253,-0.8080354,0.39113694,-0.5145461,-0.2775612,-0.021368511,0.11292079,0.6665699,-0.8329594,0.33311066,0.50234115,0.5964637,0.28170732,0.39892977
DAOA-AS1,0.42418313,-0.0641235,0.10201777,-0.19207901,-0.5098631,0.21818034,0.5959426,-0.104105264,0.24071702,-0.30609334,-0.080160506,-0.4705055,-0.51404977,-0.0637796,0.058399204,0.4367206,-0.53071105,-0.02259766,-0.31030267,-0.3061165,-0.42956874,0.0014312956,-0.4305892,0.017175104,0.19601636,0.14921305,0.5019935,-0.073744416,-0.43250385,-0.12247069,-0.22661817,-0.5236828,-0.119016856,0.6973062,0.40670636,0.06993945,0.012211066,0.5725269,0.045413442,0.30991974,0.2432889,-0.11640141,0.60933363,0.0077218525,0.009897426,-0.42772782,-0.22267708,-0.047984876,0.0885457,-0.21263385,0.33494338,-0.011719253,-0.20325105,0.16397788,-0.07533269,0.61636317,0.5497506,0.4467449,-0.29300472,-0.30648538,0.1346041,0.13964511,0.08307647,-0.13283008
DGCR5,0.3873386,-0.15310591,0.036211196,0.009169603,-0.36510438,0.32439697,0.3457269,0.092417076,0.36260906,-0.19372332,-0.19832365,-0.3698244,-0.27221698,0.13256939,0.008689421,0.11303811,-0.34266165,-0.07429757,-0.3113354,0.06314586,-0.115512714,-0.1277747,0.12532039,0.25645053,0.079858705,0.07960589,0.4679417,0.14846115,-0.36059046,0.06822386,0.16804165,-0.31035015,-0.2556896,0.33993798,0.1452922,0.15788926,0.2633666,0.24826314,-0.11783655,0.15481438,0.10085343,-0.36093974,0.08504475,0.12520537,-0.23024942,-0.33938515,0.14772707,-0.27870223,0.13909918,-0.06785437,0.25265962,0.114662066,-0.24264064,0.115132704,-0.24616835,0.24828166,0.096655264,0.25447148,-0.3850338,-0.013571825,-0.21370928,-0.012718514,0.03377491,0.3189734
DISC2,0.86427164,-0.26547176,0.1690131,0.19879211,-0.79418415,-0.016312007,-0.090736315,0.47119588,-0.16247143,0.40722728,-0.18676904,-0.633,-0.3486972,-0.500954,-0.003249772,0.29215682,0.023797348,-0.18683267,0.06731,-0.09325239,-0.1475136,0.042420298,-0.18228197,0.31235522,0.3032633,0.32809642,0.3569677,0.1518496,-0.5746747,0.07709484,-0.13842773,-0.005053431,0.004145868,0.6373886,0.16512239,-0.12223378,-0.71725494,0.26185113,0.26205477,0.24168788,0.4100044,-0.0385388,0.69585884,0.12906839,0.9309108,-0.40005437,0.2593667,0.008986713,-0.035171837,0.20040946,0.5807986,-0.29690248,-0.056925654,0.18593909,0.109515354,0.43476182,0.64900804,0.42930692,0.27807325,0.1659419,-0.06369337,0.2042902,-0.30215356,-0.17560226
DLEU1,0.4360945,0.32390538,0.10506413,-0.62045515,-0.020551547,-0.13607873,-0.07954775,-0.48538917,-0.19480737,-0.1481238,0.20818608,-0.29256195,0.20278892,-0.47111756,0.41009057,0.49551076,-0.1599666,-0.9513757,-0.30822274,0.109347954,-0.06447867,-0.09848446,0.3930011,0.20835279,-0.19449398,0.077392824,0.09164855,-0.05311648,-0.4809418,-0.06601455,-0.046461347,-0.3282018,0.22451077,0.2764493,-0.29638448,0.32950523,0.30511853,-0.17374621,-0.13694662,-0.07110248,0.6712282,-0.47361216,-0.068273544,0.09219874,0.106562436,-0.45773384,-1.083745,0.35980985,-0.28010613,-0.4176778,0.32287356,-0.28684855,-0.09587784,0.48741946,-0.04858446,0.37403604,-0.22638482,-0.098205544,-0.12226312,0.020833587,0.062335186,-0.43039072,0.03628792,-0.30881438
DNM3OS,0.36420605,-0.20479913,0.08447989,-0.21788165,-0.41021445,0.28053352,0.33370513,-0.05506499,0.33014724,-0.14329723,-0.3283239,-0.31019124,-0.2930195,0.009568811,0.078989536,-0.09634121,-0.25527573,0.053511336,-0.23986566,-0.034040563,-0.09917349,0.12026049,0.07908817,0.1556054,-0.12668271,0.16227752,0.31425977,0.089673765,-0.3592612,0.07626898,-0.06745778,-0.3138468,-0.1336979,0.26454538,0.27691588,0.10310991,0.1710475,0.121237904,-0.08453381,0.26098981,-0.06490088,-0.28934166,-0.04711225,0.0737576,-0.056468338,-0.3443312,0.21880469,-0.12589756,0.14008032,-0.011217026,0.27031663,-0.051718228,-0.16423365,-0.0029704021,-0.129962,0.2696529,0.06992693,0.31112376,-0.42094687,-0.12645726,0.04128289,0.05116671,-0.011893287,0.22886707
DSCAM-AS1,0.33411792,-0.2545402,0.2594998,-0.17953706,-0.45710358,0.3107936,0.43851724,-0.16920215,0.28330177,-0.24145873,-0.3144929,-0.44694123,-0.33131596,-0.053604472,0.011072134,-0.038082603,-0.3844723,0.1000124,-0.3292221,-0.075987294,-0.21002829,0.043173425,0.11019359,0.11936921,-0.1783619,0.068972774,0.24999976,0.115332395,-0.4018235,0.29968983,0.009357693,-0.38441217,-0.10179129,0.3895846,0.29536608,0.13439003,0.046593342,0.33459693,-0.16731204,0.2794283,0.054494914,-0.32749093,0.104233034,-0.039876875,0.00073273387,-0.42934978,0.07629603,-0.095068,0.03843517,-0.097873665,0.26064992,-0.14754222,-0.19842686,-0.12169671,-0.12815353,0.22496215,0.13552865,0.30911505,-0.47161445,-0.17719725,0.096581504,0.20931472,-0.014402467,0.20623204
EPB41L4A-AS1,0.3229405,-0.13139406,0.01866069,0.030903071,-0.30832094,0.27146274,0.30019778,0.14176542,0.22719136,-0.12999018,-0.1314579,-0.26938644,-0.20383099,0.15079376,-0.041062962,0.21954599,-0.29555935,-0.1587854,-0.28838587,0.044625886,-0.07113408,-0.13483723,0.19214867,0.298952,0.04685304,0.09061291,0.3970691,0.14571738,-0.31085283,0.06135589,0.15259868,-0.24755232,-0.31068915,0.31425476,0.102357745,0.13686363,0.2975224,0.13392982,-0.044983782,0.091651,0.18065703,-0.28655168,0.060923137,0.030259905,-0.20036012,-0.3163089,0.05349333,-0.21584141,0.12094185,-0.11124909,0.23435993,0.08769556,-0.14663802,0.14277956,-0.31894332,0.23060355,0.12385059,0.23005465,-0.32440197,0.10099609,-0.2530544,-0.093728036,0.020625621,0.2752714
ESRG,0.38075262,-0.14654148,0.049962737,-0.004745752,-0.35305193,0.31051385,0.33110708,0.06802278,0.33050784,-0.19621167,-0.18269017,-0.35734156,-0.26887083,0.11096523,0.022979423,0.12630762,-0.3235576,-0.083443284,-0.3080403,0.04573542,-0.13746686,-0.10915057,0.106597066,0.24212538,0.06011689,0.096469045,0.4439889,0.15839802,-0.3323721,0.06372174,0.14998437,-0.3044589,-0.23496273,0.3223641,0.1437641,0.1440776,0.23231827,0.24597952,-0.10784538,0.15915658,0.10041458,-0.3438851,0.102738515,0.12793592,-0.19757116,-0.34587613,0.1155598,-0.24932711,0.14323077,-0.075107716,0.25541592,0.09450789,-0.21467075,0.11690064,-0.22820911,0.26046327,0.09832468,0.2647591,-0.37151206,0.00018980447,-0.17776872,-0.010192128,0.053531542,0.30766433
GAS5,-0.44277704,-0.5887275,0.97400844,-1.0051572,-0.50931007,0.16674095,0.069339454,0.7115153,0.78471553,-0.095965624,-0.3571324,-1.7574607,-0.8515269,0.017308868,0.19711667,-0.009761244,0.19046497,-1.5548861,1.2152866,0.29411125,0.07338835,0.5234127,0.5317574,1.0085424,-0.36265182,0.60431284,0.9795692,-0.21074718,0.059182853,1.1286765,-0.93844044,-0.74301654,-1.0324812,0.28297395,-0.0026957318,-0.79751235,-0.111807436,0.8002139,0.04800885,-0.12344427,-0.29698616,-0.4180864,-0.14068994,-1.7554051,0.31704292,0.7788906,-1.1913214,0.086505264,0.14934489,-0.08558613,-0.39979085,-1.1608601,0.03784275,-0.39749256,-0.4735269,-0.023152068,-0.15080316,0.1996924,-1.6855309,0.50943816,-0.85687584,-0.21195331,-0.8171989,-0.2971556
GHET1,-0.11071615,-0.39462557,0.2312068,-0.40555274,-0.23836613,-0.39507854,0.28942484,0.37094423,0.08608844,0.08838957,0.12135651,-0.49015057,-0.06980003,-0.41089424,-0.11367721,0.02742993,-0.35156524,0.5068327,0.07580538,0.20475946,-0.027734809,0.043447305,0.35570824,-0.10284105,-0.12679228,-0.25792482,-0.03348806,-0.30319223,-0.30107033,0.7325791,-0.077123605,-0.042600624,0.01176228,0.2041157,0.050554927,0.1200445,-0.011274315,-0.2129946,-0.34892136,0.43606424,0.22248085,0.053063937,-0.17178935,-0.5901653,0.34967417,0.23522124,0.3833757,0.1978736,-0.7778066,-0.0122008305,-0.107904345,-0.34564865,-0.11298528,-0.35385177,0.00020049885,-0.3682173,0.19429764,-0.20920017,-0.29667783,0.09015968,-0.049287647,0.51948225,-0.62957436,-0.030257685
H19,-0.9233614,-0.17598405,0.088618934,-0.6923907,0.47700286,-1.231126,-0.2968061,0.9303079,1.0347267,0.5253849,0.61694944,-1.5831014,-0.31722462,0.18163033,-0.2080333,2.0920625,0.07658112,-0.6005559,0.462552,-0.7176105,0.36825264,-0.37029934,0.37813687,0.6868481,-2.1675334,0.47009975,-0.0436818,1.7090776,-0.3858307,1.3711867,-2.4287786,-1.0751616,-1.9242067,1.054162,0.66836786,-1.4812326,-0.6096201,1.3065407,-1.1095608,-1.5701493,-0.6347914,-0.6054147,-1.4550028,0.3829326,-0.050265998,0.5311351,1.2291204,0.9705248,-0.1707649,-0.66980726,-1.9521893,-1.1940893,-1.3814164,-0.32704008,-0.42719096,0.5893884,-0.67267084,-0.048972756,-0.663792,0.61923695,-0.41949773,0.08208066,-0.39095002,-0.5434797
HAR1A,0.5860995,-0.3654616,0.351713,-0.07955998,-0.13964613,0.096534126,0.24944472,0.06264998,0.009725435,-0.451057,0.07044192,-0.32785916,-0.9125968,-0.39687833,0.27508894,0.5751298,-0.07290615,0.10824585,-0.014056414,-0.409777,-0.67743605,0.2798064,-0.19988102,0.0047413,0.12534407,0.031785272,0.39040953,-0.056015346,-0.6078815,0.22068542,-0.6405623,-0.37568465,0.14727576,0.29367486,0.0040550306,0.17276439,-0.2417843,0.265954,0.36276245,0.4624437,0.5561175,-0.004140947,0.6897728,-0.00696265,0.47908986,-0.4823662,0.27710062,-0.11016042,0.068056405,-0.17432702,0.52808046,-0.18674862,-0.02773641,0.0831069,-0.09188992,0.5294858,0.42056006,0.48454177,-0.17964357,0.53635955,0.082522325,0.12624346,-0.2886207,0.06577124
HAR1B,0.5860995,-0.3654616,0.35171297,-0.07955998,-0.13964613,0.09653412,0.24944471,0.06264998,0.009725437,-0.451057,0.070441924,-0.32785916,-0.9125967,-0.39687833,0.27508894,0.57512975,-0.07290615,0.10824585,-0.014056413,-0.409777,-0.677436,0.2798064,-0.19988102,0.004741301,0.12534407,0.031785272,0.39040953,-0.056015346,-0.6078815,0.22068541,-0.6405623,-0.37568462,0.14727576,0.29367483,0.004055027,0.17276439,-0.2417843,0.26595396,0.36276245,0.4624437,0.5561175,-0.0041409507,0.6897727,-0.0069626495,0.47908986,-0.4823662,0.27710062,-0.11016041,0.068056405,-0.17432702,0.52808046,-0.18674862,-0.02773641,0.0831069,-0.0918899,0.52948576,0.42056006,0.48454177,-0.17964357,0.53635955,0.08252232,0.12624346,-0.2886207,0.06577124
HCP5,0.38047323,-0.14863268,0.084673025,-0.012992744,-0.36099246,0.32866877,0.3251373,0.027549561,0.36455548,-0.20449433,-0.19641292,-0.37095955,-0.3016289,0.1076556,0.050981272,0.06746166,-0.33380595,-0.063353226,-0.30048025,0.05113829,-0.12652175,-0.120852806,0.10267308,0.23444688,0.045616895,0.07656381,0.42579073,0.16376913,-0.3589363,0.06952268,0.15824047,-0.27940905,-0.22598171,0.33741555,0.13266808,0.14699404,0.21632224,0.27446538,-0.11725765,0.16694069,0.058656745,-0.35218796,0.11535415,0.15131174,-0.19693698,-0.3413069,0.12902892,-0.23320086,0.118839495,-0.05650876,0.2596539,0.082856305,-0.23291795,0.07399291,-0.22066036,0.24961208,0.07567546,0.2667826,-0.3900329,-0.05075056,-0.15364149,0.03283135,0.06504743,0.2844042
HIF1A-AS1,-0.17527318,0.15627366,-0.26028007,0.30641806,0.13113025,-0.87200063,-0.1782924,-0.24668464,0.17821845,0.075634964,-0.05085337,0.43594605,0.6154277,0.2765339,-0.017476067,-0.06282348,0.23259658,-0.03416866,0.585793,-0.15769528,0.103054464,0.08370164,-0.11662846,-0.21587074,0.16311792,-0.5294141,0.075311184,-0.42697287,0.032861628,0.2734037,0.17985727,-0.07249221,-0.08488436,0.116280235,-0.37868875,-0.47785187,-0.20265967,-0.08154234,0.0635909,0.120991446,-0.38020825,-0.22059524,-0.23253962,0.30760726,-0.0051757824,0.2804335,-0.19695076,-0.23909144,0.03674709,0.43104333,-0.58781976,-0.45877925,0.10583779,0.27631915,-0.087222904,0.3022924,-0.052616224,0.06963534,-0.68960077,0.10603371,-0.3876468,0.022958972,-0.054888383,-0.12287456
HIF1A-AS2,-0.04236735,-0.40430334,0.35839507,-0.43649226,-0.31924146,-0.3194819,0.38332412,0.19464144,0.16395208,0.07492926,-0.040621214,-0.53171736,-0.12515277,-0.44650674,-0.060135286,-0.0852565,-0.3986878,0.5332935,0.047777995,0.16655494,-0.0822518,0.14366063,0.39706302,-0.12971556,-0.18177758,-0.24414393,-0.02097419,-0.30898413,-0.41079727,0.7975813,-0.14201368,-0.1256468,0.07368709,0.29632568,0.13691872,0.121477574,-0.056558013,-0.10361016,-0.31097138,0.52038765,0.15572634,-0.03729734,-0.20681474,-0.54092157,0.34485036,0.13664086,0.39435166,0.2170904,-0.733901,-0.023254544,-0.10381076,-0.37607145,-0.17018732,-0.4645031,0.03917883,-0.29027504,0.22105989,-0.16495532,-0.3698792,-0.013866935,0.060194474,0.5657337,-0.6255254,-0.032993462
HNF1A-AS1,-0.47304785,0.08201593,0.37834242,-0.04536231,0.024222493,-0.65171635,0.032159984,-0.014616653,0.21506365,-0.02780506,-0.64317304,-0.03259682,-0.6152232,-0.15709335,0.06494859,-0.23253655,-0.05454454,-0.33940578,-0.21766892,0.2057347,-0.36801428,-0.76329654,0.077373266,0.15858918,-0.5144276,0.18912292,0.13582347,-0.107167244,-0.15793923,-0.09742807,-0.0022780895,-0.6832137,-0.8318181,-0.0685371,0.32405776,0.09884095,-0.26917455,-0.1579091,0.29958656,-0.38147956,0.1933468,0.056549475,-0.22367415,-0.42126006,0.345203,0.34143043,0.25044993,-0.2714982,-0.049736544,0.48062453,-0.7458172,0.14220157,0.23114537,-0.12059391,0.16708997,-0.54612553,-0.10088824,-0.32568505,-0.22329289,0.41262296,0.20636168,0.015661947,-0.18148535,-0.63042337
HOTAIR,-0.6836207,-0.32812357,0.3178867,-1.4657667,-1.0334603,-0.8851697,0.15940315,0.9349141,0.40398663,-0.022501707,-0.5168833,-0.86099905,-0.79708767,-0.23198694,0.45351693,0.87711495,-0.021446878,-0.49311388,0.87230825,-1.283662,-0.49185136,-0.36272937,0.38549113,1.1499776,-0.5493736,0.34053153,1.1903312,1.3122185,0.11164597,1.7516679,-0.3211629,-1.0743037,-0.6339872,1.0479504,-0.68914425,-1.1866155,-0.4942595,-0.18756843,0.20030133,-1.4487607,-1.0419288,-0.076197565,-1.0825281,-1.3136889,-0.23394045,0.88378185,-0.09665179,0.44435984,0.9550919,-0.31659353,-1.1933463,-0.15513858,-0.41182587,-0.0032522678,-1.0020576,-1.2007883,-0.8600398,-0.31535268,-0.6019839,0.30929923,0.3548335,-0.014360592,-0.48526797,-1.0916281
HULC,-0.3277899,0.6784636,0.5080666,-0.16821915,-0.31638265,-0.27748618,0.14852801,0.9968461,0.006785527,-0.07065648,-0.5805328,-0.4839406,0.10064247,0.04195276,-0.032245785,0.046950668,-0.030960172,0.25303012,0.2893937,0.06575996,0.14900565,-0.6559845,0.10716283,0.2013712,-0.20194077,0.062963694,-0.06293054,0.5831971,0.06403053,-0.21198022,-0.8645688,-0.8244484,-0.6264049,-0.10256946,0.25052565,-0.20941202,0.022872716,0.14014506,0.46404558,-0.92521226,0.20818841,0.2912598,0.018289462,0.019209534,0.15717746,0.44945985,-0.21622841,-0.22663268,-0.6074278,0.1955087,-0.39839894,-0.6222562,0.17097242,-0.27151358,0.034009136,-0.7515132,-1.1508467,-0.19660088,-0.79604995,0.24875692,-0.22948748,-0.012138307,-0.14729229,-0.5995461
IFNG-AS1,0.3900844,-0.15726006,0.077003956,-0.022114247,-0.38990945,0.3348859,0.37681764,0.017233217,0.3440989,-0.22540735,-0.21849507,-0.38285384,-0.28933638,0.10594805,0.012089536,0.08812848,-0.36219224,-0.059477888,-0.3290982,0.023388222,-0.14864497,-0.10336152,0.08154709,0.22858691,0.036207482,0.08503199,0.4338903,0.1491313,-0.35715404,0.08801976,0.13879815,-0.34407818,-0.21483523,0.36035928,0.19351287,0.15089472,0.211106,0.29370347,-0.12922111,0.1810727,0.086985245,-0.3581037,0.12122286,0.11383769,-0.18940133,-0.36342508,0.11258473,-0.24209371,0.13019642,-0.078220055,0.26134187,0.066761866,-0.24072978,0.08690234,-0.21923602,0.26529247,0.10877016,0.27938935,-0.40076363,-0.08326232,-0.14118291,0.031391732,0.046006262,0.29059523
IGF2-AS,-0.3928939,0.33121473,0.6128869,-0.17405966,0.08528308,-0.27496845,-0.30135673,0.358935,0.28323662,0.43306354,0.3872766,0.21884331,-0.84887487,0.21048205,0.58348227,0.097797364,-0.060012184,-0.3041344,-0.08171068,0.007571902,0.17834948,-0.10433079,0.33894444,0.22444528,0.529945,0.51782656,-0.037884753,0.30844167,0.35066396,-0.20327303,0.28564674,0.28687763,-0.84319496,-0.074871555,-0.3990336,-0.4000011,0.040068656,0.45072734,-0.00847606,-0.8776827,0.17610331,-0.21662968,-0.24077009,-0.060470983,-0.42483628,-0.042472,0.1971593,-0.10180396,0.058490332,0.09560167,0.057596996,-0.17569461,0.44200575,0.09400277,-0.018498342,-0.38282293,0.28839087,0.17202869,-0.14195041,0.2758767,-0.19635215,-0.26330543,-0.10502603,0.320966
KCNQ1DN,0.3881483,-0.15013613,0.05459755,0.0025445577,-0.37107193,0.32260326,0.36160487,0.074431784,0.35003278,-0.20568731,-0.1833303,-0.36957473,-0.2781093,0.12428954,0.015697971,0.1361416,-0.35011825,-0.081192136,-0.31821296,0.045217704,-0.14340627,-0.12543815,0.082000226,0.24323425,0.07707813,0.09960641,0.47234252,0.1529628,-0.3378853,0.059543744,0.15603803,-0.31924132,-0.24258481,0.3447743,0.16226907,0.15695241,0.24202411,0.26926935,-0.11737602,0.1625466,0.09945126,-0.3590669,0.12012458,0.13129112,-0.21867323,-0.35300672,0.116490826,-0.2696755,0.15133695,-0.07745424,0.25638458,0.11225538,-0.2367043,0.12133224,-0.23604383,0.26858518,0.11508517,0.27812004,-0.3794376,-0.020913668,-0.19655094,-0.0070740217,0.049511503,0.31492132
KCNQ1OT1,0.20599957,-0.3107883,0.8365556,-0.3496635,-0.50974464,-0.09309712,-0.14520077,0.348876,0.12857974,-0.04907367,0.4389878,-0.51006365,-0.55558085,0.12571307,-0.3660576,-0.002528308,-0.5261779,-0.04130926,-0.26309228,-0.13905364,0.06116508,-0.04691334,0.36154583,-0.26718903,-0.05113095,-0.2956654,-0.036313057,-0.3202677,-0.24044204,0.7631827,-0.10179205,0.014413238,-0.50382745,0.3516232,0.45459425,-0.07324605,-0.20904294,0.33506477,0.031214476,-0.17893814,0.3461799,-0.27242592,-0.11072481,-0.41603577,0.49435988,-0.6109041,0.07693292,0.2337063,0.0064331815,0.1396515,0.090556085,-0.8942021,0.15674517,0.0480693,-0.17908476,-0.18793133,0.27061045,0.37861168,-0.84072065,0.5109858,0.042921495,0.35582507,-0.036582597,0.15982403
LINC00032,0.38001242,-0.14670417,0.039178748,0.009962026,-0.35261157,0.31796587,0.3349029,0.08520438,0.3392343,-0.18826123,-0.18157116,-0.35770848,-0.26026306,0.121896096,0.009678362,0.1293136,-0.32529652,-0.09018159,-0.30088717,0.059195127,-0.12856776,-0.12180083,0.111508615,0.24898,0.07344914,0.08894039,0.4554487,0.15818429,-0.33629113,0.06431741,0.16893393,-0.3000016,-0.24230742,0.32984465,0.13856266,0.15082541,0.24846864,0.24811839,-0.11020635,0.15521157,0.09475621,-0.34839988,0.099356964,0.12798792,-0.21702187,-0.33963853,0.11717937,-0.25760046,0.14673226,-0.075459555,0.25032008,0.11147469,-0.22537337,0.116364025,-0.23574135,0.25405744,0.09717808,0.2605658,-0.37090775,-0.0033759382,-0.20214625,-0.012180709,0.052667655,0.31431943
LINC00271,0.40630957,-0.15324457,0.05200283,-0.0026139019,-0.3916573,0.34020552,0.39249083,0.070489354,0.3651231,-0.22070304,-0.20545562,-0.39113325,-0.2839147,0.13328066,0.004008753,0.1244546,-0.37871343,-0.08215385,-0.3340125,0.040458895,-0.13782707,-0.13071474,0.087806635,0.25154978,0.077138826,0.09185543,0.48803246,0.14266276,-0.3734548,0.06711645,0.15772499,-0.3505641,-0.24703792,0.37522382,0.18534787,0.1684657,0.2572811,0.2880802,-0.12191673,0.17013143,0.10087201,-0.37841275,0.11161474,0.12192973,-0.23796743,-0.3658299,0.118393004,-0.2817836,0.14801784,-0.08113803,0.2655192,0.110698745,-0.2595969,0.12359875,-0.24406832,0.27884415,0.12138461,0.27742988,-0.39749852,-0.05466588,-0.20390691,-0.0077531496,0.037504632,0.3106714
LSINCT5,0.26347506,-0.33320454,0.40089944,-0.4761858,-0.53551817,0.19470169,0.5044755,-0.29717994,0.35044852,-0.13345784,-0.515828,-0.47160843,-0.3588579,-0.25702152,0.10275969,-0.34446773,-0.3697324,0.39070642,-0.20479564,-0.11272282,-0.1441913,0.34953102,0.16949427,-0.03944206,-0.35935622,0.06961525,0.073243216,-0.09177521,-0.5266118,0.44689217,-0.2642548,-0.38181522,0.08963377,0.39749533,0.45806977,0.08343556,-0.03815083,0.19488786,-0.14633471,0.4934162,-0.13400066,-0.2718581,-0.16683045,-0.17081013,0.17586264,-0.32659668,0.2680927,0.101782806,-0.15436532,-0.0070967795,0.1859283,-0.33740997,-0.2398823,-0.38829368,0.03983277,0.16169715,0.15230301,0.23953854,-0.5315658,-0.38516262,0.34045386,0.3813222,-0.26425093,0.04913164
MALAT1,-1.1066514,-0.29282862,0.04817912,-1.915493,-1.1428812,-1.1493843,-0.730648,0.9722593,0.25398436,0.27317935,-0.52070713,-1.5637326,0.6240072,0.9603073,0.4730217,1.1155026,-0.44227445,-0.7782637,1.6435992,-0.86085254,-1.5949082,0.028434321,0.29876062,0.69347286,-1.1459184,0.76356673,-0.19737454,0.2605787,-0.2711408,0.89601344,-0.9853805,-1.0221666,-1.5566419,0.8794007,-0.32467985,-0.7162233,0.20895636,0.8888972,0.22020702,-1.3761133,-0.5061635,-0.9479185,-0.7287935,-0.51648605,-0.74074507,1.2175062,0.14817142,-0.71323884,0.2684433,0.57966197,-0.76491344,-0.9018673,0.35234356,-0.8004956,-1.4807019,-0.6887516,-1.3676759,-0.76255774,0.01275301,0.47852135,-0.04151225,1.1901412,-0.6697712,-0.7268579
MEG3,-0.47166568,0.27314395,0.8271056,-1.538514,-0.95189214,-0.2998033,0.3901328,0.86275345,0.82750434,-1.2257098,-0.3005578,-0.8115227,-0.6659625,0.9646219,-0.55389667,0.70334816,1.0171322,-0.9006062,0.6888892,-0.2801773,-1.5236737,-0.3134765,-0.068795845,1.6545484,0.09342843,0.057418108,0.04455954,0.54513,-0.3421264,1.2218127,-1.579808,-0.5338927,-1.4427363,-0.04069966,-0.7422081,-0.7501969,-0.44454822,0.4364245,-0.65846014,-1.5785892,-1.1412693,-1.6208351,-0.7792506,-1.2658408,0.9066772,-0.06776637,0.129543,-0.16106617,-0.45292783,0.17592996,-0.89339274,-0.6110509,0.5008847,-0.055621445,-1.1970563,-0.065661296,0.32604095,-1.2712009,-0.9955155,0.39068598,-0.5300537,0.70732903,-1.4243557,-1.0928125
MESTIT1,0.39206433,-0.14423098,0.06312271,-0.022636075,-0.3772557,0.32493988,0.35364252,0.033547454,0.33619735,-0.21463385,-0.20307268,-0.37549633,-0.2699706,0.107323736,0.019680211,0.103596695,-0.35504782,-0.08736817,-0.3232762,0.04219094,-0.1339451,-0.11523253,0.09910776,0.23804456,0.043358684,0.08584488,0.43767467,0.15114947,-0.3602724,0.07473629,0.14851561,-0.33011508,-0.22269048,0.35455889,0.16727178,0.1584663,0.23036641,0.26394323,-0.12884437,0.17080344,0.10065913,-0.36385107,0.10108907,0.12158511,-0.1964258,-0.35948855,0.099438965,-0.24059276,0.12540387,-0.08203437,0.2613191,0.08060525,-0.23702691,0.10938063,-0.22191362,0.2628918,0.093240455,0.26526248,-0.39508086,-0.056330796,-0.16366151,0.0065089474,0.050270945,0.2894881
MIAT,0.39254975,-0.93396056,0.3558097,-0.45905012,-0.6279541,-0.41493103,0.30260593,0.20658484,0.3852185,-0.11529958,0.22659257,-0.5529558,-0.58467484,-0.95630145,0.093986124,0.97264326,0.62683237,-0.62702256,-0.69650024,0.27830043,-0.7320631,0.2427957,-0.05353131,0.38322976,-0.17465898,0.66791284,0.89688206,-0.2155648,-0.67941463,0.3290218,-0.3527227,0.11786816,0.035814375,-0.14434767,0.10245626,0.110547334,-0.4069,1.0789274,1.5263958,-0.117225245,0.42300949,-0.33195037,0.24708132,-0.54991376,-0.10433581,-0.89632523,0.4505717,0.24106634,-0.007063359,0.36398005,0.57239604,-0.62933564,0.7165732,0.012746155,-0.7489253,0.40355748,0.9621939,0.2138125,-0.38320136,-0.016748562,-0.021360219,-0.66863614,-0.15608199,0.2099614
MINA,-0.32015982,0.28740415,0.7221436,-0.034310736,-0.31191573,-0.013018265,0.13623393,0.07512616,-0.044237014,0.29914945,0.076283015,0.2801309,-0.68542826,0.41773,0.45381165,-0.07328104,-0.19445437,-0.24366803,-0.058060378,-0.34035647,-0.027620235,0.20570502,0.1968606,0.066130996,-0.11990023,0.26976472,-0.28121826,0.1045594,-0.090559594,0.10176816,-0.24867858,0.13961978,-0.6396621,0.36866325,-0.130894,-0.23544529,-0.06056776,0.17500943,0.32943538,-0.6415044,0.32686818,0.036912695,-0.69646347,-0.49989057,-0.18160383,-0.08186598,0.057689823,-0.035178356,-0.2723636,-0.19237664,0.15754372,-0.585109,0.14595446,-0.0076628923,-0.030853119,-0.29612204,0.45722055,0.15449168,-0.066959724,-0.09322919,0.049724445,-0.29038954,-0.40048784,-0.1528147
MIR100HG,-0.1279882,0.16514316,0.27797863,0.005275145,0.4910654,0.28567505,0.34228402,0.47605637,-0.3066916,-0.12781392,0.043154947,-0.67964494,0.3323704,0.048671275,0.12773925,0.27739716,0.6377974,0.49262184,0.23726012,-0.02835967,-0.058014102,0.024060063,-0.54178727,0.16872413,-0.14835979,-0.14772534,-0.36375678,-0.40646592,-0.013421297,-0.49273688,0.26515284,-0.19323356,-0.36429098,0.110587284,-0.3926905,-0.21057533,0.034595583,-0.08272096,-0.25811356,-0.08664839,0.1026749,-0.37555617,-0.1498054,-0.2894786,0.1270421,0.1920134,0.17565753,0.3661772,-0.031781673,0.4494558,0.07562727,-0.02353245,-0.4227205,0.16579652,-0.3697337,-0.11672215,-0.49745265,0.05582442,-0.028203197,-0.16258904,0.3584904,-0.2837847,0.11376056,0.05250068
MIR155HG,0.40691647,-0.035812534,0.041625306,-0.12457529,-0.28242156,0.21992393,0.2522135,-0.034390483,0.22779319,-0.18558526,-0.09596098,-0.35428616,-0.16497445,-0.010038968,0.08888223,0.22175689,-0.28894773,-0.27545312,-0.30920473,0.06849259,-0.13082284,-0.122325666,0.16861135,0.23993582,0.022672389,0.083373845,0.39780295,0.116171226,-0.37559918,0.034990363,0.12086405,-0.3222527,-0.1369255,0.3240801,0.046016805,0.19568229,0.2635892,0.1718938,-0.10531175,0.11154483,0.22764587,-0.37311232,0.06064723,0.12185766,-0.14432895,-0.37067938,-0.14617226,-0.1335578,0.05194418,-0.15043831,0.27918693,0.017814724,-0.20666493,0.20339324,-0.19178794,0.286096,0.026767593,0.17549653,-0.31818324,0.006190503,-0.14902383,-0.10896404,0.04360376,0.17711519
MIR17HG,0.37826693,0.029385168,0.06798309,-0.24186102,-0.20610514,0.10732097,0.16411231,-0.09627143,0.07709755,-0.15941663,0.0036168136,-0.2934946,-0.07952669,-0.10340002,0.14083193,0.31730327,-0.25860676,-0.45162076,-0.3243724,0.04668813,-0.08376708,-0.09940761,0.2627484,0.26069742,-0.045286257,0.10518073,0.2781205,0.07044999,-0.36746702,0.018473744,0.07208796,-0.30383247,-0.10372371,0.28763962,-0.03254331,0.19010194,0.27853802,0.045581594,-0.08605323,0.03629718,0.358085,-0.36393136,0.0410999,0.053791456,-0.06641732,-0.3803538,-0.37873,0.0062303487,-0.021112733,-0.2214569,0.2771511,-0.07786235,-0.11679953,0.27082464,-0.212344,0.29558143,-0.0035804298,0.12178543,-0.26286143,0.054171253,-0.10841685,-0.2038526,0.028944049,0.06388368
MIR31HG,0.115519434,-0.36819053,0.38876373,-0.44938394,-0.4341253,-0.050189115,0.46463773,-0.062951714,0.25271308,-0.052735932,-0.27244818,-0.5172529,-0.24779445,-0.3493069,0.014135564,-0.20133872,-0.40613714,0.45801932,-0.09741698,0.013354704,-0.12764364,0.23267747,0.27027988,-0.08218201,-0.2724615,-0.0903402,0.031108003,-0.19634184,-0.47197002,0.6304022,-0.19379744,-0.27442968,0.08354448,0.36098212,0.3083686,0.10945238,-0.05586894,0.07736818,-0.23925439,0.5030298,0.022015423,-0.1660962,-0.15892453,-0.36295658,0.2558163,-0.109930255,0.30405766,0.15238693,-0.4413789,-0.026432384,0.047701202,-0.35961753,-0.21424177,-0.42203897,0.036778186,-0.056399032,0.19921724,0.04573813,-0.45401967,-0.21618263,0.20352931,0.4827094,-0.4388468,0.006083494
NAMA,0.3912002,-0.15260991,0.046662994,-0.0036725085,-0.35873008,0.3162734,0.34227675,0.06907782,0.3414919,-0.1931588,-0.1933998,-0.36246452,-0.26663068,0.1129142,0.016462417,0.11108052,-0.32749882,-0.08091413,-0.3118247,0.04634106,-0.13245142,-0.105651595,0.107368805,0.24185073,0.06203306,0.09262476,0.44993943,0.15542719,-0.34076855,0.06661051,0.15869217,-0.31567267,-0.2292695,0.33266768,0.15040162,0.14907257,0.24033411,0.25976658,-0.10818449,0.15483415,0.088118635,-0.35040402,0.0923844,0.13369535,-0.20863964,-0.3507668,0.12150989,-0.25661677,0.14600725,-0.07173884,0.25613928,0.10173876,-0.22562374,0.11108497,-0.22790891,0.26052934,0.09619205,0.2628665,-0.37766117,-0.018216208,-0.17851454,-0.0137495035,0.053634264,0.30934978
NPTN-IT1,0.0066628642,-0.070942804,0.23774457,-0.17867287,-0.19088075,-0.14682043,0.03463849,0.4921395,-0.07585725,0.0163089,0.32166484,0.00061768666,-0.37289345,0.15026523,0.06565853,0.41610667,-0.35120714,-0.4436777,-0.40286428,-0.19094157,0.15420398,-0.08191657,0.45611987,0.36297724,0.10493679,0.2765683,0.019010141,0.08522757,-0.08315049,0.108650096,0.07424691,-0.05677601,-0.65653116,0.13487282,-0.060695417,-0.13374513,0.22050144,-0.037545525,0.089329146,-0.3216345,0.41434228,-0.120063454,-0.07443308,-0.3697476,-0.034610476,-0.19622475,-0.22110507,0.028344024,-0.03450024,-0.1114604,0.22209765,-0.305743,0.2503232,0.24430133,-0.5021369,-0.04569244,0.21287186,0.16476415,-0.3277746,0.31267172,-0.3576429,-0.29094094,-0.14887497,0.16017808
NRON,0.33693397,-0.12456001,0.40281135,-0.09848596,-0.18510877,0.30958134,0.012849793,-0.19084772,0.6341826,-0.12667514,-0.044794492,-0.37978524,-0.5974036,0.01652138,0.5369424,-0.29593623,-0.18463618,0.03973591,-0.1291883,0.11570424,-0.017574959,-0.21459892,0.16360079,0.1933752,-0.01978875,0.0060025007,0.28398225,0.2613616,-0.5022236,-0.021859363,0.21983868,0.21385737,-0.19356833,0.23039873,-0.30407658,0.13300106,0.1069137,0.3788121,0.009653762,0.07859921,-0.34401858,-0.33917433,0.23202315,0.5356628,-0.17726523,-0.27009252,0.19328293,-0.086648405,-0.02323272,0.16439474,0.3211341,0.042008974,-0.23416191,-0.21351841,-0.17684327,0.17935674,-0.1976141,0.25676668,-0.35191596,-0.0310098,0.012671895,0.20611238,0.25998762,0.08483064
PANDAR,-0.30541253,-0.2922643,0.6490649,-0.6973642,-0.2706555,-0.5267136,-0.04492967,0.52271265,0.106702164,-0.061774995,0.11631154,-0.09709419,-0.6511513,-0.092238076,0.16396473,0.116168156,-0.53844607,-0.22039324,-0.40687326,-0.66668123,0.5406085,0.16775514,0.7830274,0.29360545,0.24371943,0.29131654,-0.5035745,-0.30590147,-0.16685997,0.5568714,-0.2636688,-0.10734008,-0.7152155,0.2745817,0.17362657,-0.41243124,-0.09221797,0.28320456,0.16760239,-0.3237294,0.19302952,0.048532195,-0.21753159,-0.7343484,0.13743335,-0.12131365,-0.4639163,0.5065303,-0.28398362,0.3074715,-0.058170926,-0.5626106,0.29868448,-0.2036088,-0.69118315,-0.119111314,0.16246013,-0.0981515,-0.6532308,-0.08033419,-0.38259053,-0.2853693,-0.38946405,-0.21054517
PCA3,0.33680663,-0.12541616,0.06123158,0.0006197961,-0.3291402,0.28696105,0.30818805,0.099281766,0.3290323,-0.159346,-0.15357584,-0.32515386,-0.28457728,0.12939186,0.03272636,0.13093022,-0.3093006,-0.103035875,-0.28761435,0.05584239,-0.113261476,-0.11970733,0.120445415,0.24640998,0.0937487,0.10598476,0.4288718,0.16062833,-0.3033043,0.04948108,0.16809455,-0.26687562,-0.26958436,0.3087962,0.114457875,0.12098466,0.23598263,0.24888444,-0.10178131,0.109029815,0.09960928,-0.33298075,0.08431063,0.11208099,-0.22569185,-0.31536835,0.11699278,-0.24749148,0.13363643,-0.06955289,0.2364949,0.09576159,-0.19295603,0.11542635,-0.22948866,0.22325957,0.106840186,0.2546201,-0.3528471,0.0032655718,-0.20390767,-0.023671772,0.039977685,0.3047605
PCAT1,-0.26489243,0.14759207,0.67844796,-0.24091402,-0.23091683,-0.2700236,-0.03939781,0.44911957,-0.13727188,0.1782988,0.5517893,0.1978877,-0.7744174,0.23410624,0.44999176,0.20372738,-0.33130243,-0.4467857,-0.37395602,-0.35867947,-0.015473325,0.16201246,0.29562575,0.15948966,-0.0040732175,0.45958477,-0.2624954,0.19000329,0.12935226,0.10904312,-0.047980182,0.11472444,-0.76397115,0.048710734,-0.21668603,-0.37852126,-0.09933884,0.12157503,0.15847361,-0.68487215,0.39811796,-0.042459913,-0.36150703,-0.53522617,0.019503437,-0.09197396,-0.10216258,0.033867754,-0.18882371,-0.19552702,0.2827724,-0.7637002,0.4037308,0.19491492,-0.16482243,-0.3758276,0.39913502,0.26756805,-0.22188637,0.139191,-0.054990243,-0.197953,-0.31059566,0.09879111
PDZRN3-AS1,0.38965335,-0.14017804,0.06622134,-0.015052363,-0.37938806,0.33060864,0.36637053,0.034254808,0.3359695,-0.22421566,-0.19337946,-0.38229576,-0.27283227,0.11446598,0.01399507,0.12025792,-0.36917144,-0.09598287,-0.32804275,0.041426487,-0.13970703,-0.13317247,0.0870201,0.2397458,0.054119155,0.08394072,0.44981012,0.15135646,-0.35858792,0.072222315,0.15597329,-0.33388713,-0.22760566,0.36445802,0.17183235,0.16382934,0.23075157,0.27829668,-0.13516815,0.16939715,0.10783455,-0.3707039,0.11983111,0.11728614,-0.20792277,-0.36015022,0.08292887,-0.2467363,0.12563173,-0.089317724,0.26009953,0.086985834,-0.24405204,0.115465984,-0.2274274,0.26718152,0.104027845,0.27064306,-0.393802,-0.063142255,-0.17609565,0.011324979,0.051058333,0.2886103
PINK1-AS,0.39802316,-0.15000607,0.048256163,-0.0007295626,-0.38190398,0.3316984,0.37317452,0.07766517,0.3622659,-0.2141711,-0.20006783,-0.38193583,-0.2823694,0.13042864,0.010381252,0.12338544,-0.3664551,-0.078603625,-0.32498175,0.04421205,-0.13431744,-0.12807317,0.09470047,0.2517337,0.07918063,0.09025,0.47999543,0.14222114,-0.36630663,0.064004876,0.15367964,-0.33560494,-0.2485918,0.36110955,0.17188725,0.16100338,0.25420398,0.27293086,-0.118193224,0.16713417,0.10392363,-0.36995322,0.10697949,0.12313116,-0.2324816,-0.35554594,0.12778462,-0.2783961,0.14478117,-0.0765725,0.2616433,0.109694354,-0.25117555,0.123986214,-0.24310707,0.27053544,0.11614995,0.26938325,-0.38911316,-0.038360782,-0.20448788,-0.009476179,0.036113564,0.31088722
PSORS1C3,0.39049873,-0.12574558,0.0036739935,0.0186751,-0.33931208,0.30615467,0.30562678,0.12427777,0.35141337,-0.17023227,-0.1671499,-0.34366912,-0.24561323,0.14017627,0.022962656,0.14530668,-0.3188358,-0.12899952,-0.2918853,0.100257486,-0.09740502,-0.149389,0.12612143,0.27003753,0.11127792,0.089459434,0.48256144,0.15698189,-0.3409964,0.022205818,0.18688425,-0.27807876,-0.2657606,0.32620355,0.10371601,0.16047983,0.2932676,0.20330712,-0.11046407,0.1412238,0.11141438,-0.35631472,0.06944481,0.15646008,-0.24590012,-0.31960058,0.13284001,-0.27125937,0.13890874,-0.06893636,0.24924453,0.14991851,-0.23016372,0.1569582,-0.24860643,0.2502697,0.07512903,0.23916428,-0.36602607,0.022213852,-0.25387618,-0.053910483,0.05076625,0.32061267
PTENP1,-0.2981335,-0.15918314,0.52250147,-0.5155529,-0.16745806,-0.45484743,-0.07762056,0.55378985,0.02208367,0.06238531,0.22665785,0.027222358,-0.5720471,0.02349925,0.15294226,0.23920551,-0.40601176,-0.32427067,-0.35929632,-0.47397768,0.45519108,0.07395974,0.72177196,0.3408346,0.24202764,0.32965577,-0.36567622,-0.14995779,-0.051516052,0.34915927,-0.11788434,-0.010398652,-0.77266717,0.16998374,0.022598993,-0.3803773,0.02859409,0.14957578,0.1713112,-0.42825764,0.2826834,0.031426426,-0.2001726,-0.63184524,0.031078752,-0.08460088,-0.36443424,0.34827211,-0.20743504,0.17106983,-0.018288696,-0.45578012,0.3644674,-0.048494764,-0.6259126,-0.1494081,0.19316918,-0.034037534,-0.4747652,0.11082184,-0.39653128,-0.3358817,-0.32603797,-0.08477496
PVT1,0.1300833,0.53087306,-0.1916323,-0.39708132,-0.56460166,-0.46281558,0.7660176,0.5823219,0.6010964,-0.27770242,-0.45861754,-1.5022957,-1.0149486,-0.4398803,0.7022321,0.54213184,0.14016724,-0.8929812,0.9137192,-0.24631074,0.5874618,0.90255654,0.68115383,-0.7166691,-0.24766794,0.67316276,-0.16630137,-0.4614131,-0.077346444,0.57545555,-0.45287135,0.064733,-1.0054077,0.65300655,1.1256113,-0.044076636,-0.5272933,0.43705383,-0.6366739,-0.49610436,-0.49053589,-1.1540732,0.0022449195,-0.93346155,-0.11352089,-0.353119,-0.5058836,0.62707436,-0.46637547,0.31512898,-1.0348088,-0.9038299,1.0921844,-0.3210455,-1.7468445,-0.8567478,-0.5874265,0.045857728,-1.114754,1.0378898,-1.24471,0.07412836,-1.5034821,-0.55313826
RMST,0.3766931,-0.24338496,0.24444075,-0.10845498,-0.46432528,0.36994785,0.45379466,-0.18424012,0.26036322,-0.31168374,-0.27805924,-0.46368888,-0.3455452,0.00021851179,-0.019631883,0.0383607,-0.41675806,0.020559642,-0.40474433,-0.10347808,-0.25792277,-0.03961403,0.06839413,0.1592522,-0.15923685,0.0770154,0.29578573,0.18759671,-0.37836808,0.27217945,0.07683627,-0.43264112,-0.14777628,0.41111392,0.28683543,0.1563321,0.045687407,0.42618176,-0.1854534,0.22115433,0.11508771,-0.36011294,0.21484265,-0.005824376,-0.035382006,-0.50783503,-0.0050164917,-0.15542957,0.10989026,-0.136241,0.3072042,-0.121118486,-0.18931645,-0.05024311,-0.17364036,0.26827773,0.13895151,0.3600719,-0.48004156,-0.15646225,0.07050172,0.17298093,0.077282295,0.24743319
SNHG11,0.38894096,-0.14574476,0.06315871,-0.024050796,-0.37167794,0.3222947,0.34769186,0.031331237,0.33415776,-0.21105087,-0.2018901,-0.37295794,-0.27127475,0.10311776,0.020635419,0.10029453,-0.34688494,-0.085565865,-0.319023,0.042002782,-0.13322335,-0.111392796,0.10274082,0.23524338,0.04161028,0.083954625,0.43219253,0.15195413,-0.35732198,0.07503752,0.14757162,-0.32466927,-0.2197527,0.34822208,0.16315037,0.15584464,0.2267248,0.26219806,-0.12777613,0.16781439,0.0981938,-0.35965848,0.09956603,0.12090098,-0.19263335,-0.3567547,0.100427836,-0.2371275,0.123351164,-0.08073609,0.26022154,0.07785883,-0.23220642,0.10386559,-0.21973419,0.2604188,0.090866394,0.26468644,-0.39302436,-0.053886395,-0.15832035,0.009032914,0.051305097,0.2867681
SNHG16,-0.26476988,-0.37696195,-0.04413163,-0.32238472,-0.040294003,-0.58721864,0.0871615,0.79901576,-0.08741312,0.12677813,0.5201249,-0.4232967,0.070151955,-0.34849745,-0.23807758,0.30611613,-0.2658169,0.4456334,0.14829344,0.31721276,0.08132189,-0.20009978,0.28313154,-0.043735538,0.017260993,-0.3178351,-0.044368036,-0.30395114,-0.06291814,0.6232225,0.091650836,0.1466941,-0.1273099,0.0060158446,-0.16998285,0.1253545,0.09399161,-0.45276642,-0.45608896,0.2543533,0.39303926,0.23875542,-0.08802317,-0.7084757,0.36281663,0.475186,0.37172854,0.15547359,-0.90438735,0.006080605,-0.13174188,-0.2706546,0.008840967,-0.113549754,-0.09168134,-0.56372213,0.15199494,-0.33160067,-0.12937474,0.3460084,-0.31013796,0.4411974,-0.6553017,-0.011116322
SNHG3,0.37418437,-0.14244163,0.04510937,0.0042673843,-0.34887627,0.31223655,0.31536347,0.07798281,0.3392483,-0.18540603,-0.18592817,-0.3494708,-0.25493187,0.12488696,0.02369557,0.10177739,-0.32043126,-0.08852501,-0.3096974,0.06445659,-0.11526745,-0.11791263,0.12757455,0.25122228,0.060696915,0.09773705,0.4393468,0.16800399,-0.3227062,0.06192092,0.17417642,-0.29124522,-0.2486125,0.30870402,0.13405076,0.14178896,0.24423051,0.23658237,-0.11911862,0.14248383,0.08616572,-0.35630116,0.07427277,0.13542141,-0.21451104,-0.33873615,0.12685652,-0.25739235,0.1472655,-0.0640481,0.24868876,0.10398742,-0.2151552,0.11350549,-0.23083237,0.23989198,0.077742144,0.2526285,-0.378079,0.0012304587,-0.19026643,-0.019646816,0.05925154,0.3217333
SNHG4,0.38871422,-0.15318017,0.0657501,-0.010413636,-0.38212422,0.33492813,0.3624087,0.038760666,0.34950638,-0.21673475,-0.21170321,-0.377057,-0.2834433,0.117463596,0.01482585,0.09214315,-0.35601506,-0.068743885,-0.32161227,0.040117443,-0.13779873,-0.114549786,0.089784876,0.23656063,0.04965812,0.08565316,0.4433263,0.15491572,-0.35306495,0.07646191,0.15218882,-0.32730472,-0.22817661,0.35351717,0.17691915,0.15151864,0.224479,0.27886355,-0.12931757,0.17456964,0.085271336,-0.36094353,0.11012133,0.12412979,-0.20410568,-0.35464665,0.122178,-0.25066066,0.13407454,-0.073738895,0.25819594,0.08722838,-0.2392876,0.096862465,-0.22419941,0.26115608,0.10120182,0.27414343,-0.39789295,-0.063409984,-0.1638945,0.01954639,0.05055399,0.300209
SOX2-OT,-0.27000508,0.20783761,0.82438207,-0.17374781,-0.36178768,-0.1242258,0.07460829,0.21667801,-0.09767003,0.17853689,0.35342553,0.20708513,-0.84518796,0.30729243,0.5417913,-0.019709427,-0.32683277,-0.3162971,-0.2672044,-0.44341084,-0.115622915,0.26747167,0.158972,0.025075441,-0.14381352,0.38179412,-0.325895,0.15686649,-0.002432827,0.17041214,-0.22128664,0.099755935,-0.6630163,0.22777651,-0.13830763,-0.32384306,-0.19787839,0.22008732,0.23426312,-0.66745967,0.34726182,-0.020247366,-0.57056016,-0.5513149,0.005596049,-0.13244425,-0.011103334,0.006575318,-0.2584896,-0.21779445,0.30776447,-0.85113776,0.2574208,0.07528702,-0.0096097365,-0.3822102,0.4669362,0.27668324,-0.1968011,-0.06771858,0.119655,-0.16770476,-0.37441227,-0.037719272
SPRY4-IT1,-0.5855351,-0.21724606,0.4645001,-0.5233533,-0.3886894,-0.72267663,0.6459931,0.6837834,0.28630668,0.46670032,-0.1807234,-0.45463437,-0.7591393,0.60909456,0.4381116,0.5676044,-0.03628438,-0.026124049,0.6035665,-0.23616219,-0.24114747,0.5864315,0.6109298,0.13137367,0.094730206,0.20001751,0.060630955,0.49246997,-0.15725212,0.7497477,-0.12935022,-0.14651558,-0.8825698,0.4275126,-0.1933296,-0.4126297,-0.34929264,0.045219794,-0.37248084,-0.73028123,0.1644367,-0.18064919,-1.0723137,-0.8537271,-0.16857857,0.25298148,-0.41753274,0.044676445,-0.1533378,0.4528912,-0.12267269,-0.70044607,-0.13299203,-0.47395873,0.06318724,-0.4930992,-0.09427635,0.46321052,-0.62666255,-0.13658297,0.021341413,0.06312521,-0.86562955,-0.14052515
TCL6,0.4393432,0.37839663,0.14893621,-0.737658,0.025805078,-0.20470598,-0.13707055,-0.60862607,-0.2897653,-0.15424466,0.250941,-0.2780672,0.26291674,-0.5803666,0.4809687,0.52424407,-0.13388178,-1.0681571,-0.31747362,0.08225944,-0.05895062,-0.056165654,0.43890652,0.1931304,-0.27281344,0.082541175,-0.006994211,-0.09705795,-0.49759036,-0.06568011,-0.10637363,-0.34147194,0.31295413,0.26095358,-0.34224063,0.3369314,0.2844327,-0.22852747,-0.13908729,-0.10445514,0.75051177,-0.48700923,-0.07625608,0.06946298,0.18115187,-0.4888133,-1.2773738,0.48046163,-0.3390172,-0.47086376,0.3306647,-0.37869874,-0.05679807,0.51742315,-0.020428322,0.4027512,-0.26294267,-0.13755824,-0.08423822,0.002927252,0.15359442,-0.47770214,0.03475381,-0.41637397
TDRG1,-0.2865015,0.23038015,0.44291893,0.3486598,-0.3016924,0.31242335,0.30481553,-0.0900061,-0.18100378,0.41834274,-0.35918087,0.37190443,-0.28401864,0.59247285,0.065724924,0.013656817,0.021703262,-0.121818304,0.25719815,-0.24270743,0.06164775,0.07745333,0.32595402,0.19473806,-0.31293935,-0.05200367,-0.18877101,0.022685751,-0.34999692,0.18107498,-0.35519904,0.21844253,-0.58689153,0.66487396,-0.059203655,0.044280145,0.23471865,-0.058585722,0.54722583,-0.5009288,0.4463189,0.21099387,-0.8413183,-0.5846604,-0.3337638,-0.15643877,0.12114353,-0.080708735,-0.2582187,-0.2561077,0.07606452,-0.2569543,0.01174335,-0.14673407,-0.28374326,-0.1197356,0.554288,0.028325422,0.1107098,0.114430696,-0.111704715,-0.49334577,-0.4177289,-0.3146028
TERC,0.3759815,-0.15331526,0.0596643,-0.0054943264,-0.3565446,0.31469807,0.35215324,0.06252563,0.33804572,-0.20132093,-0.1811383,-0.3618695,-0.28434402,0.11416211,0.017959036,0.12656377,-0.33357298,-0.07688458,-0.31301513,0.038607106,-0.14556488,-0.111162506,0.091190524,0.23683359,0.0712959,0.098154314,0.45251882,0.15504873,-0.3321284,0.06597091,0.15195136,-0.31216618,-0.2368537,0.32903948,0.16008888,0.1427373,0.2246009,0.27474988,-0.116476744,0.15351312,0.09478668,-0.3507004,0.12181687,0.1237924,-0.20876499,-0.3501297,0.117290966,-0.25915137,0.14736028,-0.07568637,0.25697654,0.09507512,-0.21924774,0.10807974,-0.2284229,0.25912485,0.11453799,0.28009647,-0.3731836,-0.023988154,-0.17535822,0.00091383565,0.050999623,0.3081903
TRAF3IP2-AS1,0.4177234,-0.16422313,0.10110634,-0.04258814,-0.36026445,0.2875847,0.3696003,0.02503564,0.28817534,-0.25288805,-0.15507981,-0.38067675,-0.3735179,0.032081746,0.052072182,0.1986387,-0.340154,-0.059966493,-0.28454378,-0.044895004,-0.23042245,-0.062075622,0.006922056,0.18935095,0.07530747,0.083796315,0.44247755,0.10396396,-0.39720246,0.07171107,0.019384801,-0.35560542,-0.16717981,0.38359416,0.17113483,0.15389852,0.15358216,0.299203,-0.0516545,0.22010985,0.1722484,-0.2963326,0.22879906,0.0967772,-0.10005652,-0.37856215,0.08886107,-0.20879069,0.11539853,-0.10848393,0.2993926,0.04390334,-0.21080887,0.11371513,-0.19406846,0.32951236,0.17922783,0.31098092,-0.3578611,-0.010302473,-0.11062759,0.03470073,0.008904895,0.22322854
TUG1,-0.3705568,-0.047796965,0.17193103,-1.1985346,-0.8637788,-0.62251693,0.7571595,0.48020664,0.5664865,0.39644986,-0.15207791,-0.2719385,-1.2363853,-0.15904604,0.2436002,0.49267244,-0.0045368075,-0.44444966,1.2894233,-0.97110075,-0.6907966,-0.34349418,1.289921,0.037579864,0.23036669,-0.0023866445,0.5889654,0.39509898,-0.20862511,1.4983394,-0.6778104,-0.8497981,-0.9436215,0.05755765,0.06328963,0.20912719,-0.055788577,0.7670412,-0.65189016,-0.57415384,0.36445206,0.43868673,-0.5927165,-0.6631374,0.8817022,-0.018193781,0.035746306,0.5464673,0.066724844,0.93714243,-0.091899365,-1.1266049,-0.42843127,-0.59144187,-0.6858685,-0.3112408,-0.09601906,0.30114454,-0.41210625,-0.068739,-0.3736155,-0.015428185,-0.67768705,0.46525532
UCA1,-0.8392298,-0.037123412,0.046291977,-0.7434869,-1.0867006,-0.45966536,0.31133038,0.8661864,0.62744665,0.3929062,-0.629557,-0.6935947,-1.0341735,-0.08931939,0.69471306,1.1323596,-0.3122902,-0.9994974,0.7640219,-1.180392,0.122352235,0.021542147,0.572483,0.682099,-0.7164835,0.3750639,-0.30949774,0.05469072,0.11369867,1.764828,-0.3608756,-0.5361793,-0.72067595,0.028371558,-0.21416208,-0.575534,0.18463361,0.257679,-0.019026518,-1.6044493,-0.22142652,0.29893458,-0.4049475,-0.856223,0.3022207,0.2455258,0.09003648,-0.30867842,-0.6858535,0.20461452,-0.41400355,-0.1911914,0.36849764,-0.50062686,-0.35423574,-0.4296978,-0.47496596,0.35849756,-1.2997844,-0.4193983,-0.24843535,-0.16739763,-0.88756704,-0.3321577
WRAP53,0.14919913,-0.119962454,-0.13196321,0.067042194,-0.11880899,-0.017106399,0.115271464,0.62799513,-0.13740006,0.03244815,0.25151816,0.044365257,-0.06551793,0.2853955,-0.241331,0.6619938,-0.2953606,-0.49832445,-0.4258321,0.017369712,0.1945152,-0.2463876,0.53019655,0.5747805,0.1288829,0.21983719,0.2726707,0.14085498,-0.10253618,-0.041109193,0.2366562,-0.09669589,-0.7216978,0.09809491,-0.037264924,-0.010851365,0.53200644,-0.32291842,0.13731952,-0.1689594,0.50305367,-0.12297497,0.062410004,-0.29709825,-0.14199984,-0.16909754,-0.15496998,-0.13180643,0.113239475,-0.20201236,0.19430953,0.029677596,0.2194092,0.3848323,-0.729474,0.123341024,0.16866484,0.16012917,-0.2374276,0.5812241,-0.5837687,-0.401825,-0.07061064,0.31235605
WT1-AS,-0.2618243,0.5291157,0.64081144,-0.38736665,-0.44170287,-0.43498865,-0.020605892,-0.17728288,0.13851553,0.35368684,-0.2737105,0.33432367,-0.26186728,0.25841957,0.35669953,0.39039356,-0.07233068,0.4765312,-0.17201374,0.1831012,0.41699576,-0.24455509,0.2348539,0.15847951,0.42839321,0.28883955,-0.18257353,-0.11179748,0.574682,0.0998549,-0.23506212,0.096457735,-0.6421329,-0.121709466,0.2595051,-0.08167026,0.1026597,0.118368536,0.20030612,-0.3194072,0.09882049,-0.26131615,-0.31813273,-0.38244092,0.24930838,-0.069315486,0.015066776,-0.12986574,-0.15763423,0.008797891,-0.2634992,0.47307792,-0.36465305,-0.18144715,0.14400093,-0.0510322,0.027452663,-0.30126888,-0.36286297,0.39546058,0.2727371,-0.37748846,-0.58335775,-0.27022114
XIST,-0.60016125,-0.07071374,0.2398425,-0.15750939,-0.07900025,-0.9243359,0.42008454,0.11575359,0.070641935,0.41358742,-0.48567533,-0.9838953,-0.37215787,-0.42700818,0.37482426,0.09984064,-0.74924666,-0.60193956,-0.2259934,-0.7474123,0.47165784,-0.16939406,0.71513456,-0.019673795,0.2096424,0.3724005,0.22665632,0.077757694,-0.3059537,0.46020448,-0.4595837,-0.49673173,-0.6650338,0.32564926,-0.38085347,-0.040620364,0.035875186,-0.163703,0.10865671,0.24856472,-0.093577206,-0.061669692,-1.0156003,-0.8162089,0.21385047,-0.061177507,0.07779844,0.5541827,0.13717604,0.5697405,-0.025494859,-0.25228268,-0.115392074,-1.2140287,-0.93294936,0.09495023,0.8451364,-0.22520614,-0.8504709,0.3873905,0.01382035,0.45404384,-0.93378127,-0.01948715
ZFAT-AS1,0.3834711,-0.15115649,0.061695438,-0.006884256,-0.37418723,0.33030552,0.34878683,0.043789886,0.3447581,-0.21021661,-0.20765586,-0.37056768,-0.2798514,0.11471358,0.015101655,0.09412362,-0.34502563,-0.07014847,-0.3136641,0.04551717,-0.13480899,-0.11337967,0.09799172,0.23723166,0.05000991,0.08250832,0.4366134,0.15662709,-0.3480114,0.0766437,0.15347783,-0.316175,-0.22860211,0.34484845,0.16556819,0.14806004,0.22415847,0.2673247,-0.12668028,0.17300335,0.08787764,-0.35374257,0.10656363,0.12285136,-0.19879289,-0.34732205,0.124475956,-0.24511188,0.13062064,-0.072745726,0.25518677,0.086199544,-0.2326984,0.0952531,-0.22383906,0.25502786,0.09633928,0.26833147,-0.3929153,-0.05140655,-0.16556951,0.019671932,0.050752327,0.29997548
